mountain_id,mountain_name,source,name,start_name,start_lat,start_lon,start_elev_m,climb_m,length_km,up_min,down_min,difficulty,risk,segment_ids
4,노적봉,forest,기타건물 코스,기타건물,37.869304,127.464615,252,607,2.63,46,32,어려움,,1273;1287;1286
4,노적봉,forest,건물 코스 1,건물,37.899171,127.501504,206,653,3.92,147,103,어려움,,1272;1286
4,노적봉,forest,건물 코스 2,건물,37.85586,127.481582,159,700,4.24,76,54,어려움,,1201;1268;1269;1287;1286
5,명지산,forest,적목리 코스,적목리,37.937702,127.407987,753,499,3.74,100,70,보통,,3929;3936;3937;3939
6,민둥산 (경기),forest,무명 코스,무명,37.981449,127.384071,599,411,2.41,42,29,보통,,3847;3848
6,민둥산 (경기),forest,적목리 코스,적목리,37.987089,127.437553,333,677,3.84,69,48,어려움,,3838;3839;3840;3842;3844;3848
8,북배산,forest,목동리 코스,목동리,37.904808,127.570241,141,729,4.97,98,69,어려움,,3591;2124;3585;3595;4330;4345
8,북배산,forest,덕두원리 코스,덕두원리,37.883383,127.629419,212,658,5.29,94,64,어려움,,4317;4307;4342;4344;4345
8,북배산,forest,서상리 코스,서상리,37.934253,127.658561,157,713,5.89,106,73,어려움,,4302;4318;4339;4337;4309;4333;4306;4344;4345
8,북배산,forest,무명 코스,무명,37.947883,127.576597,198,672,6.4,258,180,어려움,,3598;4346;4349;4348;4343;4332;4340;4341;4334
10,연인산,forest,상판리 코스,상판리,37.915135,127.388638,274,803,3.74,137,96,어려움,,1660;2679
10,연인산,forest,백둔리탐방로 코스,백둔리탐방로,37.903089,127.458041,246,831,4.76,84,59,어려움,,2663;2661;2668;2675;2681;2680
10,연인산,forest,마일리 코스,마일리,37.862187,127.395259,292,785,5.27,127,89,어려움,,2674;2682;2685;2680
10,연인산,forest,승안리 코스,승안리,37.858303,127.475061,159,918,9.54,172,122,어려움,,2667;1196;2671;2672;2670;2675;2681;2680
11,장락산,forest,위곡리 코스,위곡리,37.663248,127.55038,341,288,2.08,130,92,보통,,2384;4313
11,장락산,forest,미사리 코스,미사리,37.720054,127.56168,393,236,4.89,98,68,보통,,4312;4314;4313
12,축령산 (경기),forest,외방리 코스,외방리,37.75353,127.310584,315,572,2.74,97,68,보통,,1938;1936
14,화악산 (경기/강원),forest,등산로전경 코스,등산로전경,37.963214,127.526976,309,1159,5.25,99,69,어려움,,1780;1761;1762;1763;1189;1759
14,화악산 (경기/강원),forest,무명 코스,무명,37.987207,127.4517,416,1052,5.37,96,65,어려움,,1771;1772;1769;1777;1778;1765;1759
15,화야산,forest,삼회리 코스 1,삼회리,37.66758,127.381272,35,719,4.49,89,61,어려움,,1742;1738;1743;1755
15,화야산,forest,삼회리 코스 2,삼회리,37.696323,127.391713,38,716,4.8,95,67,어려움,,1752;1749;1746;1744;1755
15,화야산,forest,회곡리 코스,회곡리,37.672394,127.459633,167,587,6.56,115,81,보통,,1747;1745;1744;1755
17,우면산,forest,과천동 코스 1,과천동,37.464079,126.999493,131,182,1.48,28,20,쉬움,,761;763;18;19;22
17,우면산,forest,서초동 코스,서초동,37.482757,127.021231,41,272,2.23,39,28,보통,,22
17,우면산,forest,과천동 코스 2,과천동,37.457096,127.00782,47,266,2.4,50,35,보통,,752;759;15;12;22
18,청계산 (경기/서울),forest,청계동 코스,청계동,37.405532,127.0258,141,475,3.19,56,41,보통,,2083;2030;2033;1998;2003;1191;2002
18,청계산 (경기/서울),forest,상적동 코스,상적동,37.427835,127.068181,163,453,3.44,62,44,보통,,1994;2011;1981;2002
18,청계산 (경기/서울),forest,주암동 코스,주암동,37.443968,127.02521,74,542,4.03,71,49,보통,,2058;2085;2004;2001;1989;1983;1981;2002
18,청계산 (경기/서울),forest,문원동 코스,문원동,37.422096,127.011556,113,503,4.82,85,61,보통,,2046;2044;2048;2049;2050;2037;2084;1999;1998;2003;1191;2002
18,청계산 (경기/서울),forest,운중동 코스,운중동,37.393402,127.054765,143,473,5.11,92,63,보통,,2015;2016;2031;1984;2032;1997;2003;1191;2002
19,구름산,forest,노온사동 코스,노온사동,37.438885,126.86003,49,192,0.68,14,7,쉬움,,4134;4145;4147;4148;4151;4162;4156
19,구름산,forest,소하동 코스 1,소하동,37.441708,126.871875,81,160,0.75,16,7,쉬움,,4189;4273;4188;3470;4177;4176;4171;4168;4156
19,구름산,forest,소하동 코스 2,소하동,37.436003,126.8747,82,159,1.03,22,11,쉬움,,4120;4123;4124;4125;4104;4131;4133;4274;4138;4140;4141;4153;4155;4156
19,구름산,forest,하안동 코스,하안동,37.450445,126.867285,38,203,1.34,27,15,보통,,4222;4218;4217;4192;4190;4176;4171;4168;4156
20,검단산 (성남/광주),forest,산성리 코스 1,산성리,37.470914,127.183185,415,121,1.85,35,24,쉬움,,1646
20,검단산 (성남/광주),forest,산성리 코스 2,산성리,37.432759,127.19433,311,225,3.33,62,44,보통,,1646
21,국사봉 (경기),forest,금사리 코스,금사리,37.484412,127.314116,51,156,0.75,13,10,쉬움,,4117;4111
21,국사봉 (경기),forest,도수리 코스 1,도수리,37.473791,127.309268,54,153,0.8,14,10,쉬움,,4106;4107;4111
21,국사봉 (경기),forest,도수리 코스 2,도수리,37.472442,127.319203,44,163,3.98,77,54,보통,,4112;4115;4114;4111
22,대지산 (경기),forest,죽전동 코스 1,죽전동,37.32948,127.141149,207,119,0.85,15,10,쉬움,,3992;3993
22,대지산 (경기),forest,죽전동 코스 2,죽전동,37.333026,127.13204,101,225,1.09,20,13,보통,,3980;3989;3991;3993
22,대지산 (경기),forest,오산리 코스,오산리,37.332341,127.150649,181,145,1.46,25,18,쉬움,,3972;4008;4007;3993
22,대지산 (경기),forest,능원리 코스,능원리,37.34342,127.173187,153,173,3.23,57,41,보통,,3978;3977;3975;4012;4011;4010;4009;4008;4007;3993
23,문형산,forest,봉곡사 코스,봉곡사,37.361444,127.195062,183,314,1.44,26,18,보통,,3851;3865;1200
23,문형산,forest,통점골 코스,통점골,37.375509,127.178325,269,228,1.77,31,23,보통,,3853;3864;1200
23,문형산,forest,운동기구 코스,운동기구,37.374312,127.209548,132,365,2.24,39,27,보통,,3860;3859;3849;3865;1200
23,문형산,forest,영생제일교회 코스,영생제일교회,37.380543,127.190914,179,318,3.32,58,41,보통,,3852;3855;3849;3865;1200
24,불곡산 (성남/광주),forest,신현리 코스,신현리,37.351583,127.141871,200,135,0.95,17,12,쉬움,,3549;3560
24,불곡산 (성남/광주),forest,동이약수터 코스,동이약수터,37.35901,127.131764,199,136,1.16,20,14,쉬움,,3556;3543;3573;3558
24,불곡산 (성남/광주),forest,구미공원 코스,구미공원,37.345456,127.124858,108,227,1.23,26,16,보통,,3551;3575;3576;3574
26,태화산 (경기),forest,백련암입구 코스,백련암입구,37.28316,127.303072,214,427,1.56,53,37,보통,,1861;1891;1856;1893
26,태화산 (경기),forest,금어리 코스,금어리,37.29663,127.268971,224,417,4.12,81,56,보통,,1866;1889;1892;1888
26,태화산 (경기),forest,대대리 코스,대대리,37.265463,127.256035,125,516,5.95,113,80,보통,,1896;1865;1888
31,고래산,forest,차산리 코스,차산리,37.616359,127.30487,103,426,2.62,56,39,보통,,1639
33,백봉산,forest,호평동 코스,호평동,37.655502,127.265483,240,350,2.26,40,28,보통,,3812;3821
33,백봉산,forest,백봉초등학교 코스,백봉초등학교,37.644444,127.241512,152,438,2.73,48,34,보통,,3816;3813;3821
33,백봉산,forest,창현리 코스,창현리,37.640575,127.303177,89,501,5.05,89,62,보통,,3822;3821
33,백봉산,forest,월문리 코스,월문리,37.616925,127.272961,90,500,5.57,99,69,보통,,3820;3821
34,예봉산,forest,팔당리 코스 1,팔당리,37.555822,127.247961,254,425,2.14,39,25,보통,,2585;2586;2591;2592;2597;2602;2640
34,예봉산,forest,팔당리 코스 2,팔당리,37.541002,127.254223,33,646,2.91,51,35,어려움,,2571;2575;2576;2642;2641;2589
34,예봉산,forest,도곡리 코스,도곡리,37.578637,127.25,157,522,4.17,73,51,보통,,2623;2617;2613;2639;2630;2640
34,예봉산,forest,능내리 코스,능내리,37.530463,127.284774,58,621,5.05,141,97,어려움,,2635;2594;2634;2643;2644;2629;2645;2632
34,예봉산,forest,조안리 코스,조안리,37.554333,127.30906,40,639,5.1,90,63,어려움,,2588;2645;2632
36,운길산,forest,송촌리 코스,송촌리,37.569913,127.301231,356,250,0.8,16,11,보통,,2520;2519;2523
36,운길산,forest,진중리 코스,진중리,37.579179,127.268342,378,228,2.62,65,46,보통,,2524;2523
38,천마산 (남양주),forest,묵현리 코스 1,묵현리,37.666042,127.29111,183,627,2.67,47,34,어려움,,2268;2189;2190;2217;2273;2270
38,천마산 (남양주),forest,묵현리 코스 2,묵현리,37.660783,127.272663,153,657,2.8,66,46,어려움,,2169;2195;2273;2270
38,천마산 (남양주),forest,가곡리 코스,가곡리,37.680695,127.303239,122,688,2.94,53,37,어려움,,2252;2250;2257;2253;2254;2249;2246;2272
38,천마산 (남양주),forest,호평동 코스,호평동,37.662957,127.248181,150,660,3.22,56,39,어려움,,2173;2180;2185;2197;2199;2233;2270
38,천마산 (남양주),forest,풍원가든 코스,풍원가든,37.692063,127.232301,118,692,5.21,92,64,어려움,,2271;2266;2269;2272
39,소요산,forest,동두천동 코스,동두천동,37.936301,127.069996,205,382,2.27,40,27,보통,,2929;2926;2896;2913;2934;2948;2940;2930
39,소요산,forest,상봉암동 코스,상봉암동,37.95411,127.0628,50,538,4.75,85,59,보통,,2892;2943;2898;2928;2897;2936;2883
40,해룡산 (동두천/포천),forest,탑동동 코스,탑동동,37.877066,127.139823,361,300,1.71,30,21,보통,,1829
40,해룡산 (동두천/포천),forest,동교동 코스,동교동,37.860246,127.117215,232,429,2.97,53,38,보통,,1823;1829
41,성주산,forest,심곡본동 코스 1,심곡본동,37.476806,126.777714,58,158,0.67,13,8,쉬움,,2977;2974;2972;2961;3009
41,성주산,forest,송내동 코스,송내동,37.473942,126.770502,114,102,0.88,15,11,쉬움,,2978;2960;3009
41,성주산,forest,심곡본동 코스 2,심곡본동,37.472081,126.782668,118,98,1.03,18,13,쉬움,,2959;2964;2963;2969;2972;2961;3009
42,원미산,forest,계단 코스,계단,37.493136,126.795441,48,120,0.58,10,7,쉬움,,2439;2423;2475;2484
42,원미산,forest,원미동 코스,원미동,37.49835,126.796954,57,111,0.82,16,9,쉬움,,2420;2440;2470;2429;2484
42,원미산,forest,산들어가기 전 주변 코스,산들어가기 전 주변,37.492651,126.808531,36,132,1.05,18,13,쉬움,,2452;2459;2424;2475;2484
42,원미산,forest,무명 코스,무명,37.502839,126.809961,45,123,1.5,28,19,쉬움,,2489;2478;2425;2483;2484
43,관악산,forest,무명 코스,무명,37.433869,126.976484,281,351,2.47,44,31,보통,,1090;1154;1155;1145;1172;1182;1179;1163;1184;1166;1180;1078
43,관악산,forest,과천동 코스,과천동,37.446688,126.991365,65,567,3.41,74,50,보통,,1101;1105;1079;1159;1158;668;666;1139;1173;670;672;671;665;1128;1161;1162;1141;1176;1164;1078
43,관악산,forest,남현동 코스,남현동,37.471449,126.977486,56,576,4.68,89,60,보통,,664;672;671;665;1128;1161;1162;1141;1176;1164;1078
44,아차산,forest,중곡동 코스 1,중곡동,37.556155,127.095175,71,216,1.66,57,40,보통,,148;144;249;770
44,아차산,forest,중곡동 코스 2,중곡동,37.567392,127.097736,161,126,1.69,47,33,쉬움,,161;362;771;770
45,불암산,forest,상계동 코스,상계동,37.666485,127.083902,79,431,1.4,48,32,보통,,446;1035;1042;1047
45,불암산,forest,별내동 코스 1,별내동,37.657303,127.097457,223,287,1.75,34,19,보통,,986;984;1060;987;990;1055;1000;1008;1018;1021;1046;1025;1024;1023
45,불암산,forest,무명 코스,무명,37.677602,127.092369,163,347,1.75,39,28,보통,,1033;1041
45,불암산,forest,별내동 코스 2,별내동,37.67794,127.109688,74,436,3.58,50,34,보통,,1031;1024;1023
46,수락산,forest,상계동 코스,상계동,37.687882,127.086817,367,274,1.57,30,20,보통,,390;394;396;779;932;907;908;901;918;912;910;921;911
46,수락산,forest,청학리 코스,청학리,37.701793,127.096893,248,393,1.95,35,24,보통,,897;926;850;928;927;732;909
46,수락산,forest,장암동 코스,장암동,37.694431,127.055535,37,604,3.05,82,57,어려움,,783;785;788;789;790;794;784;398;421;415;900;910;921;911
46,수락산,forest,용현동 코스,용현동,37.723422,127.083435,78,563,3.32,62,41,보통,,845;823;822;813;811;808;805;792;801;927;732;909
50,용마산 (경기),forest,면목7동 코스 1,면목7동,37.571193,127.088096,61,288,0.93,19,10,보통,암석코스 추락위험,26;59;87;92;91;93;90;106;109;114;112
50,용마산 (경기),forest,시작점 코스,시작점,37.576522,127.089236,64,285,1.02,18,13,보통,암석코스 추락위험,30;119;29;112
50,용마산 (경기),forest,면목7동 코스 2,면목7동,37.577297,127.098645,149,200,1.64,44,29,보통,암석코스 추락위험,88;66;132;768;769;138;116;120;28;112
51,영장산,forest,복정동 코스 1,복정동,37.4537,127.13679,143,51,0.39,7,4,쉬움,,2652;2651;2648;2650;2654
51,영장산,forest,복정동 코스 2,복정동,37.457269,127.134901,97,97,0.57,11,7,쉬움,,2658;2659;2655;2654
53,광교산,forest,성복동 코스,성복동,37.323415,127.04511,208,373,1.49,29,17,보통,,1380;1390;1391;1395;1405;1409;1514;1594;1595
53,광교산,forest,신봉동 코스 1,신봉동,37.337884,127.038631,293,288,1.65,31,20,보통,,1494;1578;1491;1492;1495;1588;1559
53,광교산,forest,상광교동 코스,상광교동,37.329329,127.026198,230,351,1.91,34,24,보통,,1521;1559
53,광교산,forest,신봉동 코스 2,신봉동,37.333834,127.049408,154,427,2.06,40,29,보통,,1418;1419;1422;1595
53,광교산,forest,하광교동 코스,하광교동,37.309637,127.028104,98,483,3.07,55,37,보통,,1333;1512;1590;1589;1594;1595
55,칠보산 (경기),forest,호매실동 코스,호매실동,37.261083,126.937595,96,142,1.1,20,14,쉬움,,1903;1930;1924
55,칠보산 (경기),forest,원평리 코스,원평리,37.252905,126.928902,36,202,1.26,32,21,보통,,1926;1928;1925;1924
55,칠보산 (경기),forest,천천리 코스,천천리,37.245879,126.942678,39,200,2.31,40,28,보통,,1913;1920;1921;1923;1924
55,칠보산 (경기),forest,금곡동 코스,금곡동,37.273241,126.934629,57,182,2.35,42,28,쉬움,,1907;1931;1925;1924
57,소래산,forest,신천동 코스,신천동,37.446353,126.775036,57,243,0.9,15,12,보통,,1233;1262;1246;1241;1221;1222
57,소래산,forest,소래산산림욕장 코스,소래산산림욕장,37.450479,126.784803,78,222,1.01,17,11,보통,,1258;1259;1243;1208;1261;1229;1253;1241;1221;1222
57,소래산,forest,등산로안내도 코스,등산로안내도,37.458416,126.773406,57,243,1.13,33,23,보통,,727;723;1226;1237;1225;1222
57,소래산,forest,대야동 코스,대야동,37.457625,126.784966,60,240,1.2,23,16,보통,,1266;1244;1247;1240;1222
58,광덕산 (안산),forest,시종점등산로입구 코스,시종점등산로입구,37.337805,126.842228,57,152,0.54,10,6,쉬움,,1298;1290;1291;1330;1331;1301
58,광덕산 (안산),forest,서울예대 코스,서울예대,37.335333,126.83581,72,137,0.6,10,7,쉬움,,1321;1312;1322;1320;1303;1304
58,광덕산 (안산),forest,주의안내판 코스,주의안내판,37.343378,126.840994,78,131,0.66,12,8,쉬움,,1288;1293;1326
58,광덕산 (안산),forest,사세충열문 코스,사세충열문,37.337229,126.830485,25,184,0.77,14,10,쉬움,,1314;1315;1320;1303;1304
58,광덕산 (안산),forest,와동공원묘지입구 코스,와동공원묘지입구,37.342478,126.8328,33,176,1.01,17,13,쉬움,,1319;1305;1304
60,덕성산,forest,천문대 코스,천문대,36.996968,127.415643,226,293,2.18,57,41,보통,,4419;3966;3970;4423;4422
60,덕성산,forest,명적암 코스,명적암,37.018252,127.400247,289,230,2.78,59,42,보통,,3963;3968;3965;4417
61,백운산 (경기),forest,반제리 코스 1,반제리,37.028635,127.157705,85,261,0.76,13,9,보통,,3766;3773;3741;3781
61,백운산 (경기),forest,칠곡리 코스,칠곡리,37.035621,127.153858,125,221,0.93,17,11,보통,,3772;3776;3757;3781
61,백운산 (경기),forest,월곡동 코스,월곡동,37.022014,127.148666,83,263,0.99,17,12,보통,,3769;3761;2528;3743;3741;3781
61,백운산 (경기),forest,반제리 코스 2,반제리,37.021656,127.160922,69,277,1.35,24,17,보통,,3654;3773;3741;3781
63,서운산,forest,6인순교자의묘입구 코스,6인순교자의묘입구,36.932815,127.319858,337,211,2.44,45,33,보통,,4390;4396;4402;4394;4406;3191;3196;3189;3199;3168
63,서운산,forest,청룡사 코스,청룡사,36.91206,127.285687,205,343,2.67,58,41,보통,,3179;3175;3154;3181;3173;4393;4395;4411;4403;4410;3200;3198;3168
63,서운산,forest,상중리 코스,상중리,36.951182,127.316739,118,430,3.56,63,45,보통,,3155;3176;3180;3170;3186;3189;3199;3168
63,서운산,forest,인리 코스,인리,36.939165,127.260541,47,501,4.21,75,55,보통,,3201;3177;3202;3203;3174;3178;3205;3190;3192;3195;4407;4404;4410;3200;3198;3168
66,삼성산 (서울/경기),forest,석수동 코스 1,석수동,37.419026,126.93468,89,392,2.17,45,28,보통,,3230;3231;3256;3259;3265;3267;3268;3270;3288;3295;3317;3318;3319;3337;3380;705
66,삼성산 (서울/경기),forest,석수동 코스 2,석수동,37.434581,126.922172,88,393,2.36,47,30,보통,,3316;3315;3312;3309;3284;3285;3308;3304;3303;3300;3305;3306;3289;3295;3317;3318;3319;3337;3380;705
67,수리산,forest,산본동 코스 1,산본동,37.356469,126.915926,103,366,1.41,26,18,보통,,2745;2736;2770
67,수리산,forest,최경환성지 앞 코스,최경환성지 앞,37.370835,126.905396,113,356,2.55,47,32,보통,,2862;2874;2885;2875;2884
67,수리산,forest,수암봉주차장 코스,수암봉주차장,37.364284,126.883449,91,378,2.68,56,40,보통,,2867;2881;2858;2857;2860
67,수리산,forest,산본동 코스 2,산본동,37.369965,126.925245,112,357,2.91,52,35,보통,,2780;2784;2787;2789;2885;2875;2884
67,수리산,forest,점성공원운동장 코스,점성공원운동장,37.321028,126.859193,25,444,9.88,175,122,어려움,,2876;2880;2866;2865;2845;2831;2863;2846
70,불곡산 (양주),forest,유양동 코스,유양동,37.786738,127.022974,79,391,1.71,31,21,보통,,1704;1709;1710;1712
70,불곡산 (양주),forest,방성리 코스 1,방성리,37.796081,127.009192,122,348,2.14,38,27,보통,,1716;1717;1720;1721;1718;1714;1713;1712
70,불곡산 (양주),forest,남방동 코스,남방동,37.785014,127.044113,103,367,2.67,48,33,보통,,1702;1706;1707;1708;1710;1712
70,불곡산 (양주),forest,방성리 코스 2,방성리,37.806482,127.014387,296,174,3.36,60,43,보통,,1731;1732;1729;1733;1722;1721;1718;1714;1713;1712
70,불곡산 (양주),forest,산북동 코스,산북동,37.803671,127.04523,69,401,3.37,59,42,보통,,1726;1725;1719;1718;1714;1713;1712
71,사패산,forest,가능동 코스,가능동,37.736852,127.014362,94,457,2.06,39,27,보통,,3528;3515;3464;3463;3444;3443;3424;3538
71,사패산,forest,울대리 코스,울대리,37.730639,126.996482,153,398,2.3,45,32,보통,,3535;3539;3443;3424;3538
71,사패산,forest,의정부동 코스,의정부동,37.72999,127.031812,93,458,2.64,47,31,보통,,3488;3479;3486;3487;3473;3471;3469;3458;3455;3453;3441;3454;3425;3424;3538
73,갈기산 (강원/경기),forest,신론리 코스 1,신론리,37.568868,127.798861,232,453,1.7,64,45,보통,,1697
73,갈기산 (강원/경기),forest,신론리 코스 2,신론리,37.570425,127.764191,167,518,3.04,84,59,보통,,1696;1659
74,금물산,forest,신론리 코스,신론리,37.563535,127.874363,523,252,3.19,137,96,보통,,4378
75,백운봉,forest,연수리 코스,연수리,37.489313,127.598972,78,863,10.82,191,133,어려움,,3784;3783;3790;3787;3788
76,봉미산,forest,산음리 코스,산음리,37.605986,127.601457,185,671,3.53,62,44,어려움,,3645
76,봉미산,forest,설곡리 코스,설곡리,37.616767,127.537513,224,632,4.07,72,50,어려움,,3648;3646;3644
77,어비산,forest,무명 코스,무명,37.576574,127.509857,724,99,0.36,6,4,쉬움,,2729
78,용문산 (경기),forest,신점리 코스,신점리,37.545497,127.583125,193,964,4.11,73,50,어려움,,2529;2534;2538
78,용문산 (경기),forest,무명 코스,무명,37.564976,127.501631,650,507,4.93,155,108,보통,,2539;2536;2532;2531;2537;2538
78,용문산 (경기),forest,연수리 코스,연수리,37.528655,127.557078,180,977,5.66,99,70,어려움,,2540;2537;2538
79,유명산,forest,가일리 코스,가일리,37.589019,127.486135,379,485,1.83,33,22,보통,,2399;2411;2410;2407;2387;2415
80,중미산,forest,가일리 코스,가일리,37.602321,127.486471,440,394,1.82,66,46,보통,,2287;2290
81,중원산,forest,중원리 코스,중원리,37.548233,127.620146,184,616,2.55,45,31,어려움,,2279;2260
81,중원산,forest,신점리 코스,신점리,37.544146,127.586171,179,621,3.15,63,44,어려움,,2284;2280
82,추읍산,forest,내리 코스,내리,37.449444,127.56554,173,410,1.37,49,35,보통,,2292;2295
82,추읍산,forest,주읍리 코스,주읍리,37.445916,127.579856,158,425,1.46,26,18,보통,,2296;2294
82,추읍산,forest,화전리 코스,화전리,37.458114,127.592765,151,432,2.42,69,48,보통,,2291;2294
82,추읍산,forest,삼성리 코스,삼성리,37.471318,127.563723,49,534,2.75,48,34,보통,,2297;2295
84,대렴봉,forest,상호리 코스,상호리,37.404718,127.468822,257,162,0.97,17,12,쉬움,,4029
84,대렴봉,forest,후리 코스,후리,37.391176,127.459677,180,239,1.56,27,19,보통,,4020;4023;4025;4029
84,대렴봉,forest,장흥리 코스,장흥리,37.390825,127.483101,134,285,1.76,31,22,보통,,4027;4026;4029
85,북성산,forest,무명 코스,무명,37.286216,127.606909,73,185,1.28,23,17,쉬움,,3581;3580;3579;1902
85,북성산,forest,신지리 코스,신지리,37.28665,127.585117,84,174,1.49,26,18,쉬움,,3582;1902
85,북성산,forest,오계리 코스,오계리,37.27732,127.587188,80,178,1.57,27,19,쉬움,,3577;1902
86,오갑산,forest,Ⅰ구간 출발점 코스,Ⅰ구간 출발점,37.143085,127.668911,120,489,3.56,74,52,보통,,2479;2566;4381;4379;4382;4385;4386
86,오갑산,forest,Ⅰ-5 구간 출발점 코스,Ⅰ-5 구간 출발점,37.171205,127.680082,88,521,4.39,100,69,보통,,2561;2554;2550;2570;2569;4383;4384;4385;4386
90,종자산 (경기),forest,중리 코스 1,중리,38.071172,127.201436,137,507,1.57,28,20,보통,,2362
90,종자산 (경기),forest,중리 코스 2,중리,38.08826,127.205616,134,510,2.29,41,28,보통,,2356;2360;2362
91,여계산,forest,지곶동 코스,지곶동,37.169089,127.032401,62,97,0.98,17,12,쉬움,,2719;2725;2727
91,여계산,forest,궐동 코스,궐동,37.165731,127.042972,75,84,1.31,23,16,쉬움,,2717;2721;2723;2726;2727
94,문수산 (용인),forest,능원리 코스,능원리,37.335504,127.181048,132,89,0.48,9,5,쉬움,,3877;3876;3878
94,문수산 (용인),forest,동림리 코스,동림리,37.328408,127.181845,157,64,1.79,31,22,쉬움,,3868;3869;3871;3874;3878
95,법화산 (경기),forest,청덕동 코스,청덕동,37.297267,127.149283,192,191,1.32,24,16,쉬움,,3674;3677;3678;3681;3689;3705;3700;3733
95,법화산 (경기),forest,오산리 코스,오산리,37.313804,127.151124,225,158,1.45,26,17,쉬움,,3658;3657;3656;3733
95,법화산 (경기),forest,마북동 코스,마북동,37.305045,127.135871,154,229,1.81,33,22,보통,,3714;3702;3697;3701;3704;3700;3733
95,법화산 (경기),forest,죽전동 코스,죽전동,37.325088,127.12643,123,260,3.89,69,46,보통,,3740;3739;3665;3664;3661;3659;3657;3656;3733
97,석성산 (경기),forest,마성리 코스,마성리,37.272447,127.176771,313,158,0.61,11,7,쉬움,,3058;3057;3062;3056
97,석성산 (경기),forest,동백동 코스,동백동,37.280281,127.166434,120,351,1.2,22,15,보통,,3115;3107;3126;3063;3056
97,석성산 (경기),forest,중동 코스 1,중동,37.273106,127.160666,132,339,1.57,26,19,보통,,3088;3087;3094;3095;3090;3092;3099;2951;3126;3063;3056
97,석성산 (경기),forest,중동 코스 2,중동,37.262546,127.165799,150,321,1.9,34,23,보통,,3085;3123;3046;3047;3049;3050;3052;3053;3056
97,석성산 (경기),forest,유방동 코스,유방동,37.255208,127.179956,228,243,2.43,43,29,보통,,3041;3134;3121;3042;3043;3046;3047;3049;3050;3052;3053;3056
99,청명산 (수원/용인),forest,하갈동 코스 1,하갈동,37.259011,127.086569,136,54,0.57,10,7,쉬움,,1832;1901;1976
99,청명산 (수원/용인),forest,하갈동 코스 2,하갈동,37.250369,127.088233,70,120,1.19,21,14,쉬움,,1946;1947;1976
99,청명산 (수원/용인),forest,영덕동 코스,영덕동,37.268068,127.085844,97,93,1.47,28,17,쉬움,,1970;1971;1966;1963;1957;1949;1939;1904;1976
101,향수산,forest,동림리 코스,동림리,37.331843,127.191974,104,353,2.95,54,36,보통,,1783;1794;1788;1785;1784
101,향수산,forest,신원리 코스,신원리,37.317101,127.206814,118,339,3.79,67,46,보통,,1787;1785;1784
103,모락산,forest,내손동 코스 1,내손동,37.379219,126.976955,86,300,1.23,21,15,보통,,3926;3214
103,모락산,forest,LG 약수터 코스,LG 약수터,37.366805,126.966985,80,306,1.55,27,20,보통,,3924;3916;3915;3919;3908
103,모락산,forest,오전동 코스,오전동,37.359048,126.972838,92,294,2.0,35,24,보통,,3912;3913;3918;3919;3908
103,모락산,forest,내손동 코스 2,내손동,37.378252,126.988889,170,216,2.58,46,32,보통,,3923;3921;3920;3214
104,바라산,forest,학의동 코스 1,학의동,37.363757,127.023676,314,114,0.68,15,10,쉬움,,3830
104,바라산,forest,학의동 코스 2,학의동,37.358876,127.053539,151,276,2.89,62,44,보통,,3830
107,천보산,forest,마전동 코스,마전동,37.767051,127.054881,64,272,1.53,27,19,보통,,2165
107,천보산,forest,이동교리 코스,이동교리,37.778277,127.114924,158,178,6.2,110,77,보통,,2166;2165
108,도드람산,forest,목리 코스,목리,37.26665,127.39854,113,234,0.71,13,8,보통,,2376;2375;2373;2374;2377
109,설봉산 (경기),forest,관고동 코스,관고동,37.27497,127.426261,122,271,2.22,39,27,보통,,3012;3014;3019;3029
111,감악산 (경기),forest,객현리 코스,객현리,37.956755,126.965437,141,534,2.26,41,27,보통,,1672;1689;1690
111,감악산 (경기),forest,설마리 코스,설마리,37.943161,126.943386,96,579,2.83,51,34,보통,,1677;1675;1682;1681;1685;1688
111,감악산 (경기),forest,신암리 코스,신암리,37.905621,126.962646,134,541,4.75,94,66,보통,,1662;1665;1692;1694;1684
113,덕지산,forest,충전소앞 코스,충전소앞,37.063224,126.93177,45,92,0.36,6,4,쉬움,,3946
113,덕지산,forest,등산로 시작 이정표 코스,등산로 시작 이정표,37.059329,126.932582,52,86,0.47,8,6,쉬움,,3953;3954
113,덕지산,forest,고렴리 코스,고렴리,37.05469,126.936711,48,90,1.49,26,18,쉬움,,3215;3949;3956;3955
113,덕지산,forest,어소리 코스,어소리,37.057882,126.956435,24,114,3.11,55,38,보통,,3943;3960;3959;3950;3948;3949;3956;3955
114,부락산,forest,지산동 코스,지산동,37.070705,127.072337,91,58,1.28,23,15,쉬움,,3636;3637;3635;3632;3611;3616;3618
114,부락산,forest,장안동 코스,장안동,37.067838,127.091274,96,53,1.28,23,15,쉬움,,3603;3613;3614;3618
115,팔룡산,forest,내가천리 코스 1,내가천리,37.044212,127.122422,79,59,0.48,8,6,쉬움,,1845;1853
115,팔룡산,forest,내가천리 코스 2,내가천리,37.047364,127.124703,73,65,0.63,11,8,쉬움,,1847;1846;1843;1842;1853
115,팔룡산,forest,도일동 코스,도일동,37.05684,127.125673,89,49,1.52,27,19,쉬움,,1835;1833;1854;1851;1853
117,광덕산 (강원/경기),forest,등산로안내판 코스,등산로안내판,38.102327,127.44342,615,434,2.19,39,27,보통,,4287;4288;4285
118,명성산,forest,신철원리 코스,신철원리,38.113665,127.320115,258,664,2.3,41,29,어려움,,4364;4362;4360
118,명성산,forest,긴급연락처 코스,긴급연락처,38.094554,127.321082,317,605,2.44,48,33,어려움,,4282;4283;4376;4377;4359;4360
119,박달봉,forest,도평리 코스 1,도평리,38.113299,127.399205,441,379,2.57,88,62,보통,,3834;3836
119,박달봉,forest,도평리 코스 2,도평리,38.073284,127.411443,260,560,2.86,57,40,보통,,3831;3836
119,박달봉,forest,도평리 코스 3,도평리,38.096741,127.431893,512,308,3.79,66,46,보통,,3832;3828;3827;3836
120,백운산 (경기/강원),forest,도평리 코스 1,도평리,38.099803,127.443392,632,271,2.42,42,30,보통,,4352
120,백운산 (경기/강원),forest,도평리 코스 2,도평리,38.06908,127.41496,295,608,4.17,123,84,어려움,,3746;3745;3747;4351;4352
121,왕방산,forest,탑동동 코스,탑동동,37.891738,127.142512,422,315,1.53,27,19,보통,,2541;2542
121,왕방산,forest,금동리 코스,금동리,37.914758,127.138924,502,235,3.96,70,49,보통,,2543;2542
122,운악산,forest,식당 코스,식당,37.86615,127.319329,539,396,1.82,33,22,보통,,2493;2500;2505;1284;2503;2501
122,운악산,forest,매표소 코스,매표소,37.865283,127.346258,224,711,3.0,83,59,어려움,,1282;1193;2492;2501
124,주금산,forest,소학리 코스,소학리,37.795155,127.250562,229,585,2.19,58,40,보통,,2318;2321;2323;2309
124,주금산,forest,상동리 코스,상동리,37.775437,127.283139,403,411,2.43,44,29,보통,,2327;2353;2331;2332;2344;2352;2325
124,주금산,forest,내방리 코스,내방리,37.766901,127.269867,419,395,2.72,50,33,보통,,2303;2305;2308;2353;2331;2332;2344;2352;2325
124,주금산,forest,음현리 코스,음현리,37.773848,127.244674,203,611,3.02,53,37,어려움,,2338;2336;2345;2317;2325
124,주금산,forest,태봉리 코스,태봉리,37.803158,127.314423,291,523,6.71,163,114,보통,,2312;2350;2346;2314
126,검단산 (하남/광주),forest,배알미동 코스,배알미동,37.527034,127.271639,31,627,2.53,45,31,어려움,,1654
126,검단산 (하남/광주),forest,창우동 코스,창우동,37.532658,127.228724,31,627,2.85,50,35,어려움,,1652;1651;1650;1649
126,검단산 (하남/광주),forest,버스정류장 코스,버스정류장,37.502462,127.231683,78,580,2.9,98,68,보통,,1657;1648;1649
128,남한산,forest,검복리 코스,검복리,37.473776,127.200691,330,192,1.56,28,19,쉬움,,4055;4047
128,남한산,forest,상사창동 코스,상사창동,37.503998,127.192491,60,462,3.73,66,46,보통,,4037;4098;4097;4047
128,남한산,forest,상산곡동 코스,상산곡동,37.490674,127.235035,92,430,3.97,137,96,보통,,4102;4097;4047
128,남한산,forest,산성리 코스,산성리,37.477458,127.183948,330,192,4.6,80,56,보통,,4068;4064;4056;4052;4051;4050;4044;4049;4062;4074;4094;4095;4084;4047
133,무봉산,forest,동천리 코스 1,동천리,37.118782,127.099789,119,90,0.34,6,4,쉬움,,3889;3880
133,무봉산,forest,동천리 코스 2,동천리,37.115697,127.096843,109,100,0.35,7,4,쉬움,,3887;3886;3890;3893;3892;3880
133,무봉산,forest,동천리 코스 3,동천리,37.112339,127.107335,33,176,0.9,19,14,쉬움,,3882;3880
136,서학산,forest,장짐리 코스 1,장짐리,37.144999,126.899452,28,115,0.59,10,7,쉬움,,3144;3141;3146
136,서학산,forest,구장리 코스 1,구장리,37.148663,126.899566,25,118,0.71,12,8,쉬움,,3138;3146
136,서학산,forest,구장리 코스 2,구장리,37.155357,126.909579,24,119,1.49,26,18,쉬움,,3153;3151;3152;3146
136,서학산,forest,장짐리 코스 2,장짐리,37.145948,126.911319,54,89,1.51,27,18,쉬움,,3136;3137;3152;3146
136,서학산,forest,장짐리 코스 3,장짐리,37.140727,126.906694,26,117,1.79,32,22,쉬움,,3150;3137;3152;3146
1,가덕산,osm,무명 코스 1,무명,37.948525,127.590156,366,492,2.59,45,32,보통,,4599;4432;4433
1,가덕산,osm,오월리 코스,오월리,37.961523,127.623282,225,632,3.43,60,43,어려움,,4493;4492;4494;4495;4496;4471;4617;4615;4434
1,가덕산,osm,목동리 코스,목동리,37.930389,127.587556,283,574,3.82,67,48,보통,,4603;4602;4604;4563;4601;4600;4435;4434
1,가덕산,osm,무명 코스 2,무명,37.932321,127.636466,249,608,5.02,88,63,어려움,,4542;4611;4500;4613;4436;4435;4434
2,계관산,osm,무명 코스 1,무명,37.902299,127.5959,227,503,2.15,38,27,보통,,4674;4675
2,계관산,osm,무명 코스 2,무명,37.877335,127.594957,242,488,3.14,55,39,보통,,4814;4816;4764;4661;4660
2,계관산,osm,무명 코스 3,무명,37.886925,127.627547,251,479,3.44,60,43,보통,,4731;4732;4733;4711;4709;4821;4824;4683;4827;4679;4658;4659
2,계관산,osm,무명 코스 4,무명,37.926872,127.640308,247,483,6.51,114,81,보통,,4726;4725;4783;4784;4749;4653;4654;4655;4656;4657;4658;4659
2,계관산,osm,당림리 코스,당림리,37.850887,127.616748,103,627,9.58,168,120,어려움,,4759;4761;4760;4672;4671;4670;4669;4660
3,고동산,osm,무명 코스 1,무명,37.666985,127.39176,74,517,1.71,30,21,보통,,4863;4864
3,고동산,osm,수입리 코스 1,수입리,37.650496,127.3886,189,402,1.75,31,22,보통,,4900;4860;4859;4858
3,고동산,osm,무명 코스 2,무명,37.679788,127.448154,257,334,8.05,141,101,어려움,,4878;4877;4913;4912;4914;4915;4876;4874;4887;4889;4855;4856;4857
3,고동산,osm,수입리 코스 2,수입리,37.649531,127.41925,139,452,9.52,167,119,어려움,,4898;4870;4928;4927;4926;4925;4923;4924;4921;4922;4920;4919;4918;4871;4916;4917;4873;4888;4889;4855;4856;4857
7,백둔봉,osm,백둔리 코스 1,백둔리,37.919538,127.440352,514,456,1.58,28,20,보통,,5010;4972
7,백둔봉,osm,백둔리 코스 2,백둔리,37.907105,127.453311,345,625,2.42,42,30,어려움,,4974;4973
7,백둔봉,osm,도대리 코스,도대리,37.933444,127.459507,462,508,4.38,77,55,보통,,4940;4941;4977;4971;4972
7,백둔봉,osm,무명 코스,무명,37.962822,127.421228,398,572,7.12,125,89,보통,,4990;4989;4959;4943;4975;4976;4969;4970;4971;4972
9,석룡산,osm,적목리 코스,적목리,37.987126,127.451623,438,709,3.47,61,43,어려움,,5126;5082;5081;5080;5083;5036
9,석룡산,osm,삼일리 코스,삼일리,38.030321,127.484024,395,752,3.9,68,49,어려움,,5118;5037
13,칼봉산,osm,승안리 코스,승안리,37.869978,127.46345,257,652,4.14,72,52,어려움,,5222;5225;5224;5223;5193;5194;5296;5295;5151;5259
13,칼봉산,osm,경반리 코스,경반리,37.83622,127.463022,192,718,4.44,78,55,어려움,,5283;5139;5135;5136;5137;5138;5167;5166;5165;5164;5249;5269;5270;5161
13,칼봉산,osm,마일리 코스,마일리,37.864872,127.398916,353,556,5.73,100,72,보통,,5293;5187;5186;5185;5174;5176;5175;5162
13,칼봉산,osm,백둔리 코스,백둔리,37.895782,127.444456,340,570,6.08,106,76,보통,,5245;5246;5140;5291;5292;5207;5194;5296;5295;5151;5259
16,앵봉산 (서울/경기),osm,갈현동 코스 1,갈현동,37.628513,126.913206,147,88,0.64,11,8,쉬움,,5367;5370;5371;5372;5324;5325;5326
16,앵봉산 (서울/경기),osm,동산동 코스,동산동,37.634332,126.912751,95,140,1.04,18,13,쉬움,,5376;5388;5329;5328;5327
16,앵봉산 (서울/경기),osm,갈현동 코스 2,갈현동,37.618479,126.907216,68,167,1.45,25,18,쉬움,,5407;5432;5430;5345;5344;5343;5320;5321;5322;5323;5324;5325;5326
25,청량산 (서울/경기),osm,학암동 코스,학암동,37.487055,127.163982,113,384,1.58,28,20,보통,,5697;5639;5638;5610;5609;5544;5479;5480;5580
25,청량산 (서울/경기),osm,산성리 코스,산성리,37.468932,127.175469,245,252,1.97,35,25,보통,,5554;5455;5454;5453;5561;5555;5693;5473;5474;5614;5476;5533;5584;5478;5479;5480;5580
25,청량산 (서울/경기),osm,상사창동 코스,상사창동,37.488859,127.189546,149,348,2.61,46,33,보통,,5633;5575;5579;5578;5485;5484;5483;5482;5481;5580
25,청량산 (서울/경기),osm,창곡동 코스,창곡동,37.471735,127.154348,68,429,2.8,49,35,보통,,5658;5657;5656;5545;5544;5479;5480;5580
25,청량산 (서울/경기),osm,검복리 코스,검복리,37.475582,127.209429,300,197,4.47,78,56,보통,,5464;5443;5442;5441;5440;5439;5438;5468;5622;5621;5457;5456;5565;5665;5592;5567;5568;5663;5486;5485;5484;5483;5482;5481;5580
27,해협산,osm,수청리 코스,수청리,37.5,127.363389,190,338,1.42,25,18,보통,,5747;5745
27,해협산,osm,도수리 코스,도수리,37.479082,127.359245,190,338,1.63,29,20,보통,,5746;5731
27,해협산,osm,귀여리 코스,귀여리,37.502749,127.327977,49,479,3.4,60,43,보통,,5756;5732
27,해협산,osm,광동리 코스,광동리,37.472469,127.319207,44,484,5.08,89,63,보통,,5771;5733;5732
27,해협산,osm,검천리 코스,검천리,37.529693,127.345098,41,487,6.15,108,77,보통,,5726;5727;5741;5738;5739;5740;5748;5745
28,문수산 (김포),osm,고막리 코스 1,고막리,37.737088,126.559206,57,319,1.05,18,13,보통,,5798
28,문수산 (김포),osm,고막리 코스 2,고막리,37.729255,126.549143,55,321,1.31,23,16,보통,,5791;5792;5790;5779;5780;5799
28,문수산 (김포),osm,성동리 코스,성동리,37.737487,126.532393,20,356,2.01,35,25,보통,,5777;5778;5779;5780;5799
28,문수산 (김포),osm,보구곶리 코스,보구곶리,37.767338,126.53487,32,344,4.16,73,52,보통,,5784;5783;5781;5786;5785;5799
29,승마산,osm,약암리 코스 1,약암리,37.629468,126.552821,9,121,0.94,17,12,쉬움,,5815;5818
29,승마산,osm,약암리 코스 2,약암리,37.633926,126.568517,39,91,1.19,21,15,쉬움,,5807;5808;5809;5819;5813;5817
29,승마산,osm,약암리 코스 3,약암리,37.624605,126.559185,13,117,1.84,32,23,쉬움,,5816;5808;5809;5819;5813;5817
30,애기봉,osm,가금리 코스,가금리,37.753842,126.595015,116,40,0.48,8,6,쉬움,,5825;5827;5829;5831;5832;5833
32,금대산,osm,도곡16리 코스,도곡16리,37.580603,127.219935,38,51,0.46,8,6,쉬움,,5859;5848
32,금대산,osm,도곡4리 코스,도곡4리,37.584849,127.223974,40,49,0.71,12,9,쉬움,,5852;5853;5854;5851;5843;5845;5846;5847
32,금대산,osm,덕소3리 코스,덕소3리,37.580988,127.211928,26,63,1.93,34,24,쉬움,,5836;5838;5839;5841;5842;5845;5846;5847
35,예빈산,osm,팔당2리 코스,팔당2리,37.541769,127.256173,56,534,1.81,32,23,보통,,5912;5927;5900
35,예빈산,osm,조안리 코스,조안리,37.552855,127.282137,133,457,2.2,38,27,보통,,6061;5925;5926;5900
35,예빈산,osm,능내리 코스,능내리,37.530473,127.282773,74,516,2.46,43,31,보통,,5973;5929;5928;5927;5900
35,예빈산,osm,진중리 코스,진중리,37.56931,127.274148,173,417,3.91,68,49,보통,,6068;6069;5971;6060;6056;6000;6059;5892;5905;5998;5864;5993;5924;5925;5926;5900
35,예빈산,osm,도곡5리 코스,도곡5리,37.566417,127.239275,78,512,4.72,83,59,보통,,5916;5915;5914;5913;5889;5917;5918;5865;5864;5993;5924;5925;5926;5900
37,적갑산,osm,도곡15리 코스,도곡15리,37.57996,127.250873,141,425,1.49,26,19,보통,,6271;6208;6096
37,적갑산,osm,운길산로 코스,운길산로,37.573664,127.268457,234,332,1.81,32,23,보통,,6111;6110;6109;6288;6097
37,적갑산,osm,도곡3리 코스,도곡3리,37.570521,127.237706,71,495,2.01,35,25,보통,,6210;6211;6119
37,적갑산,osm,팔당리 코스,팔당리,37.551083,127.244245,98,468,3.18,56,40,보통,,6260;6269;6266;6261;6258;6123;6100;6099;6098;6097
37,적갑산,osm,조안리 코스,조안리,37.552855,127.282137,133,433,4.51,79,56,보통,,6297;6134;6222;6076;6077;6128;6224;6113;6118;6098;6097
47,북한산,osm,우이동 코스,우이동,37.65811,126.991218,325,511,2.47,43,31,보통,험로,6589;6587;6588;6523;6522;6521;6384;6383;6548;6342;6344;6340;6341
47,북한산,osm,효자동 코스,효자동,37.667684,126.95457,57,779,3.29,58,41,어려움,험로,6755;6646;6645;6644;6643;6631;6648;6551;6619;6414;6338;6343;6344;6340;6341
47,북한산,osm,무명 코스,무명,37.649975,126.966822,241,595,4.09,72,51,보통,험로,6446;6542;6541;6497;6448;6447;6370;6371;6547;6342;6344;6340;6341
47,북한산,osm,정릉동 코스,정릉동,37.626569,126.995,300,536,5.51,96,69,보통,험로,6883;6500;6501;6502;6478;6360;7075;6363;6364;6365;6366;6367;6879;6371;6547;6342;6344;6340;6341
47,북한산,osm,삼양로181길 코스,삼양로181길,37.677775,127.003357,222,614,6.65,116,83,어려움,험로,6774;6711;7091;7093;6916;6580;6584;6585;6586;6581;6582;6583;6908;6909;6910;6911;6588;6523;6522;6521;6384;6383;6548;6342;6344;6340;6341
48,구릉산,osm,망우동 코스,망우동,37.610158,127.107236,37,141,0.47,8,6,쉬움,,7238;7239;7240;7222;7221;7220
49,망우산,osm,망우동 코스 1,망우동,37.598355,127.114626,119,163,0.71,12,9,쉬움,,7583;7259;7539;7396;7397
49,망우산,osm,망우동 코스 2,망우동,37.594822,127.105462,61,221,0.98,17,12,보통,,7292;7702;7703;7265;7705;7706;7407;7406;7398
49,망우산,osm,교문동 코스 1,교문동,37.597529,127.122772,108,174,1.12,20,14,쉬움,,7393;7392;7391;7513;7514;7394;7395;7396;7397
49,망우산,osm,면목동 코스,면목동,37.58765,127.102124,60,222,1.54,27,19,보통,,7345;7346;7343;7347;7313;7314;7356;7357;7358;7306;7704;7703;7265;7705;7706;7407;7406;7398
49,망우산,osm,교문동 코스 2,교문동,37.585623,127.127452,71,211,1.94,34,24,보통,,7499;7500;7501;7541;7542;7517;7538;7396;7397
52,인릉산,osm,심곡동 코스,심곡동,37.449016,127.098283,78,249,1.23,21,15,보통,,7750;7761;7760;7759
52,인릉산,osm,고등동 코스,고등동,37.434797,127.085864,104,223,1.8,32,23,보통,,7749;7748;7731
52,인릉산,osm,헌인마을 코스,헌인마을,37.463254,127.090322,36,291,2.81,49,35,보통,,7737;7736;7766;7767;7787;7788;7789;7790;7791;7792;7793;7794;7795;7786;7730
52,인릉산,osm,내곡동 코스,내곡동,37.450202,127.065409,83,244,3.41,60,43,보통,,7765;7784;7780;7778;7779;7777;7745;7772;7747;7732;7731
56,팔달산,osm,장안동 코스,장안동,37.284755,127.009732,65,80,0.61,11,8,쉬움,,7904;7903;7901;7900;7835;7834;7925;7895;7819;7924;7923;7922
56,팔달산,osm,팔달로3가 코스,팔달로3가,37.277427,127.014281,72,74,0.7,12,9,쉬움,,7894;7899;7898;7823;7808;7807;7806;7805;7804;7803;7921
56,팔달산,osm,북수동 코스,북수동,37.287337,127.017924,55,90,1.64,29,21,쉬움,,7815;7833;7831;7838;7832;7829;7828;7830;7858;7862;7861;7855;7854;7853;7818;7817;7816;7864;7892;7890;7883;7882;7875;7874;7872;7837;7836;7835;7834;7925;7895;7819;7924;7923;7922
59,국사봉 (안성),osm,내강리 코스,내강리,37.066427,127.352139,240,204,1.99,35,25,보통,,7952;7934;7941
59,국사봉 (안성),osm,배태리 코스,배태리,37.094536,127.346548,217,228,2.68,47,33,보통,,7936;7935;7941
59,국사봉 (안성),osm,북좌리 코스,북좌리,37.045043,127.339023,103,342,4.24,74,53,보통,,7943;7942
59,국사봉 (안성),osm,북가현리 코스,북가현리,37.105952,127.313432,84,360,5.96,104,74,보통,,7953;7935;7941
62,비봉산 (경기),osm,내장리 코스,내장리,37.089579,127.410577,203,167,1.04,18,13,쉬움,,7959;7958
62,비봉산 (경기),osm,매산리 코스,매산리,37.089345,127.431658,172,198,2.09,37,26,쉬움,,7957
62,비봉산 (경기),osm,죽산면 코스,죽산면,37.073373,127.416328,114,256,2.36,41,30,보통,,7960;7958
64,칠장산,osm,칠장리 코스,칠장리,37.025515,127.398986,246,246,1.22,21,15,보통,,7966;7967;7962;7983;7969;7970
64,칠장산,osm,미장리 코스,미장리,37.029826,127.3625,222,270,2.87,50,36,보통,,7982;7970
64,칠장산,osm,장계리 코스,장계리,37.038347,127.41442,221,271,3.34,58,42,보통,,7974;7973;7972;7968;7969;7970
65,칠현산 (경기),osm,칠장리 코스,칠장리,37.01839,127.400313,271,246,0.96,17,12,보통,,8021
65,칠현산 (경기),osm,구암리 코스,구암리,36.985543,127.398469,196,320,4.01,70,50,보통,,8006;8009;8020;7993;7992;7991
65,칠현산 (경기),osm,실원리 코스,실원리,37.001996,127.426223,154,362,4.97,87,62,보통,,8043;8044;8016;8017;8018;7992;7991
65,칠현산 (경기),osm,미장리 코스,미장리,37.029826,127.3625,222,294,5.39,94,67,보통,,8039;8000;8040;7988;7989;7990
65,칠현산 (경기),osm,사흥리 코스,사흥리,37.005865,127.376868,166,350,6.72,118,84,보통,,8053;8051;8049;8064;8056;7991
68,고령산,osm,영장리 코스 1,영장리,37.753132,126.918919,215,406,1.27,22,16,보통,,8092;8253;8252
68,고령산,osm,기산리 코스,기산리,37.770738,126.936901,175,446,1.81,32,23,보통,,8096;8097;8252
68,고령산,osm,석현리 코스,석현리,37.75117,126.943358,255,366,1.93,34,24,보통,,8074;8073;8254;8253;8252
68,고령산,osm,영장리 코스 2,영장리,37.770511,126.900869,78,543,3.63,64,45,보통,,8261;8262;8263;8248;8249;8250;8251
68,고령산,osm,일영리 코스,일영리,37.7291,126.931882,155,466,4.66,81,58,보통,,8138;8111;8118;8070;8071;8072;8254;8253;8252
69,도봉산,osm,도봉동 코스,도봉동,37.684916,127.02995,150,590,2.48,43,31,보통,,8472;8473;8474;8475;8322;8328;8608;8607;8314;8294;8295;8313;8403;8699;8401
69,도봉산,osm,호원동 코스 1,호원동,37.704161,127.034695,171,569,2.52,44,32,보통,,8355;8354;8374;8373;8372;8371;8370;8369;8368;8367;8380;8872;8527;8724;8723;8400
69,도봉산,osm,호국로550번길 코스,호국로550번길,37.710616,126.997489,227,513,3.34,59,42,보통,,8548;8547;8546;8909;8549;8550;8552;8551;8384;8353;8668;8669;8862;8863;8865;8864;8867;8866;8400
69,도봉산,osm,우이동 코스,우이동,37.674409,127.004987,173,567,3.64,64,45,보통,,8583;8432;8433;8434;8435;8436;8437;8438;8598;8525;8721;8718;8861;8349;8350;8671;8670;8532;8863;8865;8864;8867;8866;8400
69,도봉산,osm,호원동 코스 2,호원동,37.719753,127.028111,161,579,3.68,64,46,보통,,8561;8563;8562;8571;8572;8573;8574;8575;8576;8558;8559;8362;8848;8849;8850;8854;8853;8852;8851;8855;8857;8361;8360;8359;8358;8724;8723;8400
72,오봉산 (양주),osm,호국로550번길 코스,호국로550번길,37.710616,126.997489,227,457,2.99,52,37,보통,,9074;9073;9072;9222;9075;9076;9078;9077;8987;8986;8985;8919
72,오봉산 (양주),osm,우이동 코스,우이동,37.674409,127.004987,173,511,3.32,58,42,보통,,9092;9020;9021;9022;9023;9024;9025;9026;9099;9058;9172;9169;9189;8955;9007;8999;8986;8985;8919
72,오봉산 (양주),osm,교현리 코스,교현리,37.699072,126.974474,137,547,4.24,74,53,보통,,9028;9047;9048;9053;9054;9159;9111;9005;8985;8919
83,편전산,osm,옥천리 코스,옥천리,37.53032,127.47269,117,261,1.7,30,21,보통,,9242
83,편전산,osm,신복리 코스,신복리,37.555441,127.464159,178,200,5.06,89,63,보통,,9244;9241
87,황학산,osm,능현동 코스,능현동,37.268462,127.649357,106,69,0.55,10,7,쉬움,,9246
87,황학산,osm,매룡동 코스,매룡동,37.278556,127.649214,76,99,1.35,24,17,쉬움,,9245
88,고대산 (경기/강원),osm,무명 코스,무명,38.190653,127.160123,458,374,1.85,32,23,보통,,9248;9266;9324;9278
88,고대산 (경기/강원),osm,고대산 숲길 2코스 코스,고대산 숲길 2코스,38.210758,127.150638,221,611,2.71,47,34,어려움,,9273;9272;9271;9270;9269;9325;9324;9278
92,달봉산,osm,창리 코스,창리,37.157836,127.186851,126,81,1.97,34,25,쉬움,,9342;9344;9346
92,달봉산,osm,완장리 코스 1,완장리,37.185106,127.178444,149,58,3.5,61,44,보통,,9338;9349;9347
92,달봉산,osm,완장리 코스 2,완장리,37.167528,127.174334,106,101,6.32,111,79,보통,,9340;9337;9349;9347
93,매미산,osm,서천동 코스 1,서천동,37.236858,127.085728,89,68,0.66,12,8,쉬움,,9410;9424;9425;9399;9400;9409
93,매미산,osm,서천동 코스 2,서천동,37.240434,127.091132,52,105,0.67,12,8,쉬움,,9396;9401;9409
93,매미산,osm,농서동 코스,농서동,37.226198,127.09314,46,111,1.49,26,19,쉬움,,9478;9411;9403;9406;9408;9407;9398;9414;9412;9415
96,부아산 (경기),osm,삼가동 코스 1,삼가동,37.229157,127.166197,216,187,0.7,12,9,쉬움,,9507;9508;9510;9512;9505
96,부아산 (경기),osm,삼가동 코스 2,삼가동,37.233289,127.155318,213,190,1.05,18,13,쉬움,,9494;9506
96,부아산 (경기),osm,무명 코스,무명,37.222378,127.151498,269,134,1.24,22,15,쉬움,,9524;9496;9495;9506
96,부아산 (경기),osm,서리 코스,서리,37.216007,127.164179,194,209,1.57,27,20,보통,,9520;9519;9518;9521;9504;9505
96,부아산 (경기),osm,지곡동 코스,지곡동,37.229457,127.146173,170,233,1.99,35,25,보통,,9513;9495;9506
98,아람산 (용인),osm,하갈동 코스,하갈동,37.249791,127.087046,64,83,0.36,6,4,쉬움,,9540
98,아람산 (용인),osm,서천동 코스 1,서천동,37.247406,127.079952,78,69,0.58,10,7,쉬움,,9536;9535
98,아람산 (용인),osm,서천동 코스 2,서천동,37.242498,127.08179,106,41,0.95,17,12,쉬움,,9604;9603;9535
98,아람산 (용인),osm,서천동 코스 3,서천동,37.241546,127.090983,56,91,1.06,19,13,쉬움,,9537;9605;9606;9607;9531;9539;9534
100,함박산 (경기),osm,남동 코스 1,남동,37.219907,127.193286,146,203,1.03,18,13,보통,,9663
100,함박산 (경기),osm,남동 코스 2,남동,37.213722,127.200267,170,179,1.11,19,14,쉬움,,9640;9662
100,함박산 (경기),osm,삼가동 코스,삼가동,37.224735,127.17051,200,149,2.54,45,32,쉬움,,9664;9641;9662
102,형제봉 (용인),osm,해곡동 코스 1,해곡동,37.203168,127.261471,162,292,1.13,20,14,보통,,9679;9677
102,형제봉 (용인),osm,송문리 코스,송문리,37.226213,127.269593,116,338,2.22,39,28,보통,,9675;9676
102,형제봉 (용인),osm,해곡동 코스 2,해곡동,37.193216,127.278591,197,257,2.28,40,29,보통,,9667;9671;9672;9678;9677
105,백운산 (의왕시),osm,상광교동 코스,상광교동,37.342517,127.01524,257,309,1.4,24,17,보통,,10072;10189;10188;10197;9711;10196
105,백운산 (의왕시),osm,절터골 코스 1,절터골,37.347501,127.002044,137,429,1.69,30,21,보통,,10406;10407;10405;9985;9986;10352
105,백운산 (의왕시),osm,고기동 코스,고기동,37.360526,127.03184,188,378,1.77,31,22,보통,,10055;9706
105,백운산 (의왕시),osm,절터골 코스 2,절터골,37.363298,126.997724,187,379,2.27,40,28,보통,,9855;9856;10348;10349;10350;10351;10352
105,백운산 (의왕시),osm,학의동 코스,학의동,37.370069,127.014762,120,446,2.65,46,33,보통,,9898;9951;9950;9707;9706
106,오봉산 (의왕),osm,안골 코스 1,안골,37.346209,126.96581,78,132,0.44,8,5,쉬움,,10437;10416;10417;10427
106,오봉산 (의왕),osm,당정동 코스,당정동,37.344275,126.957522,73,137,0.51,9,6,쉬움,,10429;10428
106,오봉산 (의왕),osm,안골 코스 2,안골,37.347631,126.960864,64,146,0.63,11,8,쉬움,,10436;10413;10428
106,오봉산 (의왕),osm,골우물 코스,골우물,37.342063,126.970575,72,138,0.96,17,12,쉬움,,10422;10423;10426;10427
110,설성산,osm,방추리 코스,방추리,37.129229,127.559906,136,155,1.92,34,24,쉬움,,10463;10444
116,관음산,osm,새남로 코스,새남로,38.041304,127.327521,356,376,2.49,44,31,보통,,10464;10468
116,관음산,osm,수입리 코스,수입리,38.001847,127.30929,113,619,3.46,61,43,어려움,,10469;10468
116,관음산,osm,성동리 코스,성동리,38.02896,127.283741,121,611,4.15,73,52,어려움,,10465;10467
116,관음산,osm,문암리 코스,문암리,38.067115,127.273014,156,576,6.41,112,80,보통,,10466;10467
123,종현산,osm,대전리 코스,대전리,37.995554,127.102257,88,497,3.2,56,40,보통,,10473
123,종현산,osm,백의리 코스,백의리,38.021355,127.126084,97,488,6.26,110,78,보통,,10471;10472
123,종현산,osm,갈월리 코스,갈월리,37.956499,127.159968,252,333,8.37,146,105,어려움,,10470;10472
125,객산,osm,하사창동 코스 1,하사창동,37.511241,127.206097,82,210,0.61,11,8,보통,,10494;10491
125,객산,osm,하사창동 코스 2,하사창동,37.507273,127.213725,169,123,0.97,17,12,쉬움,,10496;10479;10480;10481
125,객산,osm,교산동 코스,교산동,37.519097,127.208165,65,227,1.02,18,13,보통,,10495;10483;10482
125,객산,osm,천현동 코스,천현동,37.522201,127.220082,52,240,1.68,29,21,보통,,10504;10503;10484;10483;10482
127,금암산,osm,광암동 코스,광암동,37.515557,127.175195,62,259,1.32,23,17,보통,,10635;10636;10554;10555;10556
127,금암산,osm,춘궁동 코스,춘궁동,37.517489,127.186116,70,251,1.57,27,20,보통,,10639;10546;10553;10554;10555;10556
127,금암산,osm,항동 코스,항동,37.498291,127.185536,86,235,1.94,34,24,보통,,10630;10557
127,금암산,osm,감이동 코스 1,감이동,37.506364,127.16847,61,260,2.12,37,27,보통,,10631;10557
127,금암산,osm,감이동 코스 2,감이동,37.49236,127.163206,83,238,2.84,50,36,보통,,10616;10543;10542;10558;10557
129,이성산,osm,춘궁동 코스 1,춘궁동,37.521945,127.181973,96,112,0.72,13,9,쉬움,,10691;10686;10687
129,이성산,osm,춘궁동 코스 2,춘궁동,37.531275,127.183894,67,141,0.74,13,9,쉬움,,10829;10695;10688
129,이성산,osm,광암동 코스,광암동,37.528964,127.178346,64,144,0.75,13,9,쉬움,,10690;10689;10688
129,이성산,osm,춘궁동 코스 3,춘궁동,37.523259,127.188809,65,143,0.85,15,11,쉬움,,10692;10693;10694;10688
130,일자산,osm,감북동 코스,감북동,37.520099,127.147794,55,19,1.13,20,14,쉬움,,10927;10926;10908;10907;10906;10905;10904;10903;10902;10917;10913;10912;10960;10961;10962;10963;10958;10924
130,일자산,osm,초이동 코스,초이동,37.536017,127.171276,40,34,2.4,42,30,쉬움,,10876;10877;10878;10890;10889;10888;10887;10886;10885;10884;10883;10882;10881;10880;10879;10959;10924
131,천마산 (하남),osm,마천동 코스,마천동,37.501418,127.154314,63,78,0.47,8,6,쉬움,,11007;11003;11009;11011;11012;11048;11049;11050;11052;10982;10983;10984;10985;10986;10987
131,천마산 (하남),osm,감이동 코스,감이동,37.500061,127.158253,84,57,0.52,9,6,쉬움,,11094;11101;11109;11111;11112;11105;11104;11114;11115;11078;11076
132,건달산,osm,상기리 코스,상기리,37.197227,126.921966,105,230,0.87,15,11,보통,,11141;11133
132,건달산,osm,세곡리 코스,세곡리,37.187756,126.927685,120,216,0.96,17,12,보통,,11145;11137;11140;11134;11133
132,건달산,osm,기천리 코스 1,기천리,37.190535,126.911832,95,240,1.37,24,17,보통,,11143;11132
132,건달산,osm,기천리 코스 2,기천리,37.182036,126.915716,108,228,1.53,27,19,보통,,11142;11131;11132
135,서봉산,osm,덕리 코스 1,덕리,37.161235,126.939541,96,154,0.72,13,9,쉬움,,11182;11162
135,서봉산,osm,덕리 코스 2,덕리,37.161181,126.949289,129,121,0.8,14,10,쉬움,,11180;11150;11163
135,서봉산,osm,하가등리 코스,하가등리,37.147817,126.945822,130,120,1.38,24,17,쉬움,,11184;11147;11148;11161;11162
135,서봉산,osm,마하리 코스,마하리,37.175741,126.945141,54,196,2.27,40,28,쉬움,,11181;11153;11152;11151;11150;11163
140,지내산,osm,내리 코스,내리,37.21826,126.907631,161,109,1.12,20,14,쉬움,,11221;11191;11212
140,지내산,osm,쌍학리 코스 1,쌍학리,37.224675,126.900197,63,207,1.57,28,20,보통,,11198;11220;11191;11212
140,지내산,osm,왕림리 코스,왕림리,37.205836,126.940379,154,116,3.71,65,46,보통,,11216;11215;11214;11213
140,지내산,osm,쌍학리 코스 2,쌍학리,37.239025,126.903424,29,241,3.84,67,48,보통,,11226;11228;11193;11192;11212
141,태봉산 (화성시),osm,당하리 코스,당하리,37.186316,126.950385,102,122,0.44,8,6,쉬움,,11243;11244;11257
141,태봉산 (화성시),osm,봉담읍 코스,봉담읍,37.193999,126.950173,111,113,1.57,27,20,쉬움,,11245;11257
