id,code,codes,name,sigungu_name,address,height,height_src,summit_lat,summit_lon,summit_src
1,418200101,418200101,가덕산,가평군,경기도 가평군 북면 목동리,857.5,forest_api,37.940394,127.612586,osm
2,418200501,418200501,계관산,가평군,경기도 가평군 가편읍 개곡리,730,osm,37.889733,127.60784,osm
3,418200601,418200601,고동산,가평군,경기도 가평군 청평면 삼회리,591,osm,37.655699,127.401476,osm
4,418200801,418200801,노적봉,가평군,경기도 가평군 가편읍 마장리,859,,37.8818039,127.4793422,osm
5,418201401,418201401,명지산,가평군,경기도 가평군 북면 도대리,1252.3,forest_api,37.941272,127.432468,forest_spot
6,418201701,418201701,민둥산 (경기),가평군,경기도 가평군 북면 적목리,1010,osm,37.99016,127.40544,osm
7,,,백둔봉,가평군,경기도 가평군 북면 도대리,970,osm,37.9240283,127.4511024,osm
8,418202101,418202101,북배산,가평군,경기도 가평군 북면 목동리,869.6,forest_api,37.920425,127.612659,forest_spot
9,,,석룡산,가평군,경기도 가평군 북면 적목리,1147.4,osm,38.0062272,127.4763094,osm
10,418202901,418202901,연인산,가평군,경기도 가평군 조종면 상판리,1076.8,forest_api,37.898779,127.414435,forest_spot
11,418203301,418203301,장락산,가평군,경기도 가평군 설악면 위곡리,629.5,osm,37.680549,127.549818,forest_spot
12,418203901,418203901,축령산 (경기),가평군,경기도 가평군 상면 행현리,887.1,forest_api,37.752763,127.333886,osm
13,418204001,418204001,칼봉산,가평군,경기도 가평군 가평읍 경반리,909.5,forest_api,37.862906,127.436602,osm
14,418204301,418204301,화악산 (경기/강원),가평군,경기도 가평군 북면 화악리,1468.3,forest_api,37.989373,127.498228,forest_spot
15,418204401,418204401,화야산,가평군,경기도 가평군 설악면 이천리,754.2,forest_api,37.671577,127.427916,osm
16,,,앵봉산 (서울/경기),고양시,경기도 고양시 덕양구 서오릉로,235,osm,37.6297001,126.9082513,osm
17,412900201,412900201,우면산,과천시,경기도 과천시 과천동,312.6,forest_api,37.47048,127.00913,osm
18,412900401,412900401;116500601,청계산 (경기/서울),과천시,경기도 과천시 막계동 / 서울특별시 서초구 원지동,616.3,forest_api,37.421899,127.0432171,osm
19,412100201,412100201,구름산,광명시,경기도 광명시 하안동,240.8,forest_api,37.440565,126.866238,forest_spot
20,416100201,416100201,검단산 (성남/광주),광주시,경기도 광주시 남한산성면 검복리,536.4,forest_api,37.45805,127.187529,osm
21,416100401,416100401,국사봉 (경기),광주시,경기도 광주시 남종면 금사리,207.3,forest_api,37.479589,127.311731,osm
22,414600104,414600104;416102901,대지산 (경기),광주시,경기도 광주시 오포읍 능평리,326,osm,37.33632,127.14195,osm
23,416101401,416101401,문형산,광주시,경기도 광주시 오포읍 신현리,496.7,forest_api,37.370453,127.191007,forest_spot
24,416101701,416101701,불곡산 (성남/광주),광주시,경기도 광주시 오포읍 신현리,335.4,forest_api,37.351691,127.134448,forest_spot
25,416102301,416102301,청량산 (서울/경기),광주시,경기도 광주시 남한산성면 산성리,497.1,forest_api,37.480163,127.176128,osm
26,416102501,416102501,태화산 (경기),광주시,경기도 광주시 도척면 유정리,641.1,forest_api,37.292152,127.293686,osm
27,416102701,416102701,해협산,광주시,경기도 광주시 남종면 수청리,527.7,forest_api,37.491563,127.356282,osm
28,415700201,415700201,문수산 (김포),김포시,경기도 김포시 월곶면 성동리,376,,37.7390901,126.5486096,osm
29,415700601,415700601,승마산,김포시,경기도 김포시 대곶면 약암리,130,osm,37.631025,126.560698,osm
30,,,애기봉,김포시,경기도 김포시 하성면 가금리,156,osm,37.7550759,126.5958029,osm
31,413600301,413600301;418300501,고래산,남양주시,경기도 남양주시 조안면 시우리,528.5,osm,37.606909,127.29669,osm
32,413600501,413600501,금대산,남양주시,경기도 남양주시 와부읍 덕소리,89.1,forest_api,37.58369,127.218671,osm
33,413602501,413602501;413602801,백봉산,남양주시,경기도 남양주시 평내동,590,,37.6389172,127.2581618,osm
34,413601201,413601201,예봉산,남양주시,경기도 남양주시 와부읍 팔당리,678.8,forest_api,37.559152,127.261132,osm
35,,,예빈산,남양주시,경기도 남양주시 와부읍 팔당리,590,osm,37.5465274,127.271354,osm
36,413601601,413601601,운길산,남양주시,경기도 남양주시 조안면 진중리,606.5,forest_api,37.572604,127.294586,osm
37,413601801,413601801,적갑산,남양주시,경기도 남양주시 와부읍 도곡리,566.3,forest_api,37.572419,127.256668,osm
38,413602201,413602201,천마산 (남양주),남양주시,경기도 남양주시 오남읍 팔현리,810.3,forest_api,37.680211,127.273346,osm
39,412500201,412500201,소요산,동두천시,경기도 동두천시 상봉암동,587.5,forest_api,37.938549,127.088009,forest_spot
40,412500501,412500501,해룡산 (동두천/포천),동두천시,경기도 동두천시 탑동동,661.2,forest_api,37.873962,127.128332,osm
41,411900401,411900401,성주산,부천시,경기도 부천시 소사본동,216.5,forest_api,37.471795,126.778298,osm
42,411900201,411900201,원미산,부천시,경기도 부천시 원미동,168.0,manual,37.49517,126.79995,osm
43,116200201,116200201;412900101,관악산,서울 관악구,서울특별시 관악구 신림동 / 경기도 과천시 중앙동,632.2,forest_api,37.44514,126.964238,osm
44,112150201,112150201,아차산,서울 광진구,서울특별시  광진구 중곡동,287,forest_api,37.566844,127.102742,osm
45,113500101,113500101,불암산,서울 노원구,서울특별시  노원구 상계동,509.7,forest_api,37.663701,127.095301,forest_spot
46,113500201,113500201;413601001,수락산,서울 노원구,서울특별시  노원구 상계동 / 경기도 남양주시 별내면 청학리,640.6,forest_api,37.699252,127.081386,forest_spot
47,114100801,114100801,북한산,서울 서대문구,서울특별시 서대문구 홍은동,835.57,manual,37.6586301,126.9780032,manual
48,112600201,112600201,구릉산,서울 중랑구,서울특별시  중랑구 신내동,177.9,forest_api,37.6078472,127.1036667,osm
49,112600301,112600301,망우산,서울 중랑구,서울특별시  중랑구 망우동,281.7,osm,37.5933398,127.1132963,osm
50,112600501,112600501,용마산 (경기),서울 중랑구,서울특별시  중랑구 면목동,348.6,forest_api,37.571498,127.095153,forest_spot
51,411300101,411300101,영장산,성남시,경기도 성남시 수정구 복정동,193.7,forest_api,37.453669,127.138342,forest_spot
52,,,인릉산,성남시,경기도 성남시 수정구 심곡동,327,,37.4449951,127.0880012,osm
53,411170201,411170201,광교산,수원시,경기도 수원시 장안구 상광교동,581.2,forest_api,37.33144,127.036028,forest_spot
54,411170401,411170401,여기산,수원시,경기도 수원시 권선구 서둔동,104.1,forest_api,37.280447,126.983639,osm
55,411170701,411170701;415902801,칠보산 (경기),수원시,경기도 수원시 권선구 호매실동 / 경기도 화성시 매송면 원평리,238.5,forest_api,37.260053,126.932678,forest_spot
56,411170601,411170601,팔달산,수원시,경기도 수원시 팔달구 남창동,145.5,forest_api,37.280559,127.010089,osm
57,282000501,282000501,소래산,시흥시,인천광역시 남동구 장수동,299.7,forest_api,37.452196,126.7789226,osm
58,412700101,412700101,광덕산 (안산),안산시,경기도 안산시 단원구 와동,209.0,forest_api,37.339178,126.837509,forest_spot
59,,,국사봉 (안성),안성시,경기도 안성시 보개면 남풍리,444.5,osm,37.0751195,127.3400112,osm
60,415500701,415500701,덕성산,안성시,경기도 안성시 죽산면 두교리,519,osm,36.998129,127.397227,forest_spot
61,415501501,415501501,백운산 (경기),안성시,경기도 안성시 원곡면 반제리,345.6,forest_api,37.027925,127.152892,osm
62,415501801,415501801,비봉산 (경기),안성시,경기도 안성시 죽산면 죽산리,369.8,forest_api,37.0893,127.416,osm
63,415501901,415501901,서운산,안성시,경기도 안성시 금광면 상중리,548,osm,36.930519,127.296625,osm
64,415502701,415502701,칠장산,안성시,경기도 안성시 죽산면 장계리,492.1,forest_api,37.031179,127.390027,osm
65,415502801,415502801,칠현산 (경기),안성시,경기도 안성시 죽산면 칠장리,516.5,forest_api,37.01214,127.395873,osm
66,411700101,411700101,삼성산 (서울/경기),안양시,경기도 안양시 만안구 석수동,480.9,forest_api,37.435915,126.939371,osm
67,411700301,411700301,수리산,안양시,경기도 안양시 만안구 안양동,469.3,forest_api,37.359685,126.906911,forest_spot
68,,,고령산,양주시,경기도 양주시 백석읍 기산리,621.1,osm,37.7575556,126.9285778,osm
69,416300601,416300601,도봉산,양주시,경기도 양주시 장흥면 울대리,740.2,forest_api,37.6988424,127.0154594,manual
70,416302301,416302301,불곡산 (양주),양주시,경기도 양주시 산북동,470,,37.799514,127.026355,forest_spot
71,416301201,416301201,사패산,양주시,경기도 양주시 장흥면 울대리,551.1,forest_api,37.722351,127.010537,forest_spot
72,416301401,416301401,오봉산 (양주),양주시,경기도 양주시 장흥면 울대리,683.7,forest_api,37.696769,127.00131,osm
73,418300101,418300101,갈기산 (강원/경기),양평군,경기도 양평군 청운면 신론리,685.4,osm,37.578876,127.786222,forest_spot
74,427300401,427300401,금물산,양평군,강원특별자치도 횡성군 서원면 유현리,775.5,forest_api,37.5536425,127.8503094,osm
75,418304701,418304701,백운봉,양평군,경기도 양평군 옥천면 용천리,941.2,osm,37.533478,127.52714,osm
76,418302101,418302101,봉미산,양평군,경기도 양평군 지평면 월산리,856,forest_api,37.613659,127.570371,forest_spot
77,418302901,418302901,어비산,양평군,경기도 양평군 옥천면 용천리,823,osm,37.575287,127.506498,forest_spot
78,418303101,418303101,용문산 (경기),양평군,경기도 양평군 옥천면 용천리,1157.1,forest_api,37.561953,127.548986,forest_spot
79,418303301,418303301,유명산,양평군,경기도 양평군 옥쳔면 용천리,864,forest_api,37.57537,127.486766,forest_spot
80,418303601,418303601,중미산,양평군,경기도 양평군 서종면 명달리,834.2,forest_api,37.595385,127.471507,osm
81,418303701,418303701,중원산,양평군,경기도 양평군 용문면 신점리,800,osm,37.5586466,127.601842,osm
82,418303501,418303501,추읍산,양평군,경기도 양평군 용문면 삼성리,582.6,forest_api,37.4554825,127.5735999,osm
83,418304301,418304301,편전산,양평군,경기도 양평군 옥천면 용천리,378,forest_api,37.541007,127.480285,osm
84,416703601,416703601;416700601,대렴봉,여주시,경기도 여주시 금사면 상호리,418.8,forest_api,37.397884,127.470924,forest_spot
85,416701701,416701701,북성산,여주시,경기도 여주시 능서면 신지리,257.6,forest_api,37.28499,127.595202,forest_spot
86,416702701,416702701,오갑산,여주시,경기도 여주시 점동면 관한리,609.4,forest_api,37.139162,127.696922,forest_spot
87,416703501,416703501,황학산,여주시,경기도 여주시 능현동,175.1,forest_api,37.271436,127.647503,osm
88,418000401,418000401,고대산 (경기/강원),연천군,경기도 연천군 신서면 대광리,832,osm,38.198651,127.166317,osm
89,418000301,418000301,고왕산,연천군,경기도 연천군 왕징면 고왕리,355,,38.10569,126.91455,osm
90,418000901,418000901,종자산 (경기),연천군,경기도 연천군 연천읍 부곡리,643.8,forest_api,38.077917,127.190853,osm
91,413700801,413700801,여계산,오산시,경기도 오산시 금암동,158.6,forest_api,37.174053,127.039108,osm
92,414601001,414601001,달봉산,용인시,경기도 용인시 처인구 남사면 완장리,206.9,forest_api,37.164751,127.191839,osm
93,414601301,414601301,매미산,용인시,경기도 용인시 기흥구 하갈동,157.2,forest_api,37.235836,127.089972,osm
94,414601701,414601701,문수산 (용인),용인시,경기도 용인시 처인구 동림리,221,,37.336733,127.185164,osm
95,414601801,414601801,법화산 (경기),용인시,경기도 용인시 기흥구 마북동,383.2,forest_api,37.305536,127.148445,osm
96,414602001,414602001,부아산 (경기),용인시,경기도 용인시 처인구 역삼동,402.9,forest_api,37.227251,127.159986,osm
97,414602201,414602201,석성산 (경기),용인시,경기도 용인시 기흥구 중동,471.3,forest_api,37.272593,127.172944,osm
98,,,아람산 (용인),용인시,경기도 용인시 기흥구 하갈동,147.1,osm,37.2471574,127.0856972,osm
99,414603201,414603201,청명산 (수원/용인),용인시,경기도 용인시 기흥구 하갈동,190.1,forest_api,37.258418,127.083705,osm
100,414603401,414603401,함박산 (경기),용인시,경기도 용인시 처인구 남동,349.3,forest_api,37.213893,127.188899,osm
101,414604801,414604801,향수산,용인시,경기도 용인시 처인구 포곡읍 신원리,457,osm,37.311314,127.18573,osm
102,414603601,414603601,형제봉 (용인),용인시,경기도 용인시 처인구 운학동,453.6,forest_api,37.208133,127.270158,osm
103,414300401,414300401,모락산,의왕시,경기도 의왕시 내손동,385.8,forest_api,37.370509,126.978647,osm
104,414300501,414300501,바라산,의왕시,경기도 의왕시 학의동,427.5,forest_api,37.36872,127.0271,osm
105,414300601,414300601,백운산 (의왕시),의왕시,경기도 의왕시 왕곡동,566,forest_api,37.353555,127.017006,osm
106,414300701,414300701,오봉산 (의왕),의왕시,경기도 의왕시 이동,209.8,forest_api,37.344424,126.962203,osm
107,411500701,411500701,천보산,의정부시,경기도 의정부시 금오동,335.5,forest_api,37.763958,127.0660928,osm
108,415002801,415002801,도드람산,이천시,경기도 이천시 마장면 장암리,347,,37.2679417,127.3921944,osm
109,415001701,415001701,설봉산 (경기),이천시,경기도 이천시 관고동,393.1,forest_api,37.281004,127.413214,forest_spot
110,415001801,415001801,설성산,이천시,경기도 이천시 장호원읍 선읍리,290.7,forest_api,37.143045,127.556185,osm
111,414800101,414800101,감악산 (경기),파주시,경기도 파주시 적성면 객현리,674.9,forest_api,37.941148,126.970076,forest_spot
113,412200501,412200501,덕지산,평택시,경기도 평택시 청북읍 어소리,137.5,forest_api,37.06167,126.934594,forest_spot
114,412202401,412202401,부락산,평택시,경기도 평택시 지산동,149.4,osm,37.06912,127.078858,forest_spot
115,412202101,412202101,팔룡산,평택시,경기도 평택시 도일동,138.0,forest_api,37.04776,127.12046,osm
116,416500701,416500701,관음산,포천시,경기도 포천시 영북면 산정리,732.1,forest_api,38.029059,127.310379,osm
117,416500801,416500801,광덕산 (강원/경기),포천시,경기도 포천시 이동면 도평리,1049.2,forest_api,38.11546,127.430963,forest_spot
118,427800701,427800701,명성산,포천시,강원특별자치도 철원군 갈말읍 신철원리,922,forest_api,38.1042997,127.3381489,osm
119,416504601,416504601,박달봉,포천시,경기도 포천시 이동면 도평리,820,forest_api,38.096855,127.412336,osm
120,416501801,416501801,백운산 (경기/강원),포천시,경기도 포천시 이동면 도평리,903,forest_api,38.080452,127.447032,forest_spot
121,416502401,416502401,왕방산,포천시,경기도 포천시 신북면 심곡리,736.8,forest_api,37.895754,127.15576,forest_spot
122,416502601,416502601;418203101,운악산,포천시,경기도 포천시 화현면 화현리 / 경기도 가평군 조종면 운악리,934.7,forest_api,37.87685,127.325,forest_spot
123,416503001,416503001,종현산,포천시,경기도 포천시 신북면 덕둔리,584.7,forest_api,37.980368,127.123236,osm
124,416503101,416503101,주금산,포천시,경기도 포천시 내촌면 소학리,813.6,forest_api,37.7843935,127.2680294,osm
125,414500101,414500101,객산,하남시,경기도 하남시 교산동,292.1,forest_api,37.513479,127.211593,osm
126,414500201,414500201,검단산 (하남/광주),하남시,경기도 하남시 하산곡동,658.4,forest_api,37.517615,127.249417,forest_spot
127,414500301,414500301,금암산,하남시,경기도 하남시 항동,321.2,forest_api,37.506711,127.179949,osm
128,416102804,416102804,남한산,하남시,경기도 하남시 상산곡동,522.1,manual,37.480594,127.2040808,manual
129,,,이성산,하남시,경기도 하남시 춘궁동,208,osm,37.5267035,127.1822421,osm
130,117400301,117400301,일자산,하남시,서울특별시 강동구 둔촌동,74.2,osm,37.529261,127.1510115,osm
131,117100201,117100201,천마산 (하남),하남시,서울특별시 송파구 마천동,141.4,forest_api,37.5034322,127.1575021,osm
132,415900101,415900101,건달산,화성시,경기도 화성시 봉담읍 세곡리,335.5,forest_api,37.190927,126.92112,osm
133,412200801,412200801,무봉산,화성시,경기도 평택시 진위면 동천리,208.8,forest_api,37.115989,127.099369,osm
134,,,방울산,화성시,경기도 화성시 만세구 향남읍,138,osm,37.12184,126.93485,osm
135,415901301,415901301,서봉산,화성시,경기도 화성시 정남면 백리,250.4,forest_api,37.158749,126.944844,osm
136,415904201,415904201,서학산,화성시,경기도 화성시 향남읍 장짐리,142.7,forest_api,37.146556,126.904143,forest_spot
137,,,심술산,화성시,경기도 화성시 만세구 팔탄면,104.4,osm,37.109693,126.8780591,osm
138,415901701,415901701,쌍봉산,화성시,경기도 화성시 우정읍 조암리,117.7,forest_api,37.092478,126.818997,osm
139,415902001,415902001,오두산 (화성),화성시,경기도 화성시 팔탄면 덕천리,140.6,forest_api,37.144386,126.884722,osm
140,,,지내산,화성시,경기도 화성시 효행구 봉담읍,270,osm,37.2228724,126.9143441,osm
141,415902901,415902901,태봉산 (화성시),화성시,경기도 화성시 정남면 보통리,223.8,forest_api,37.189311,126.952814,osm
